{
  "strategy_total_return": -0.006494551036311469,
  "benchmark_total_return": -0.01862866794678142,
  "alpha_vs_benchmark": 0.01213411691046995,
  "strategy_max_drawdown": -0.13554562517332325,
  "benchmark_max_drawdown": -0.497388172985468,
  "strategy_sharpe": 0.010746621927698546,
  "benchmark_sharpe": 0.22540942202783487,
  "signal_distribution": {
    "HOLD": 477,
    "REDUCE_RISK": 202,
    "BUY": 46
  },
  "avg_risk_score": 68.75310344827587,
  "avg_confidence_score": 0.08090582699446769,
  "avg_decision_score": -3.817903448275862,
  "buy_signal_precision": 0.5652173913043478
}