feature,importance
return_1d,0.13743848911806386
sma_7_ratio,0.11045042968832029
sma_30_ratio,0.10879381132048234
rsi_14,0.10465210048702739
return_7d,0.1023512319999829
intraday_range,0.10211944135285309
volatility_7d,0.09275528914108858
momentum_14d,0.08508823043426068
volatility_30d,0.08031337863619911
volume_change_1d,0.07603759782172176
