{
  "train_rows": 2217,
  "test_rows": 740,
  "accuracy": 0.5162162162162162,
  "precision": 0.5126903553299492,
  "recall": 0.5489130434782609,
  "f1_score": 0.5301837270341208,
  "classification_report": "              precision    recall  f1-score   support\n\n           0       0.52      0.48      0.50       372\n           1       0.51      0.55      0.53       368\n\n    accuracy                           0.52       740\n   macro avg       0.52      0.52      0.52       740\nweighted avg       0.52      0.52      0.52       740\n"
}