{
  "train_rows": 2173,
  "test_rows": 725,
  "accuracy": 0.4993103448275862,
  "precision": 0.4926829268292683,
  "recall": 0.5658263305322129,
  "f1_score": 0.5267275097783573,
  "classification_report": "              precision    recall  f1-score   support\n\n           0       0.51      0.43      0.47       368\n           1       0.49      0.57      0.53       357\n\n    accuracy                           0.50       725\n   macro avg       0.50      0.50      0.50       725\nweighted avg       0.50      0.50      0.50       725\n"
}