{
  "train_rows": 2175,
  "test_rows": 725,
  "accuracy": 0.5089655172413793,
  "precision": 0.5012224938875306,
  "recall": 0.5742296918767507,
  "f1_score": 0.5352480417754569,
  "classification_report": "              precision    recall  f1-score   support\n\n           0       0.52      0.45      0.48       368\n           1       0.50      0.57      0.54       357\n\n    accuracy                           0.51       725\n   macro avg       0.51      0.51      0.51       725\nweighted avg       0.51      0.51      0.51       725\n"
}